{
  "left_1": {
    "arm": "left",
    "name": "1",
    "joint_angles": [
      10.000055313110352,
      9.861591339111328,
      10.012786865234375,
      10.020999908447266,
      9.994000434875488,
      9.991000175476074,
      10.003000259399414
    ],
    "end_effector": {
      "x": 225.42300415039062,
      "y": 296.35699462890625,
      "z": -546.6220092773438,
      "roll": -66.62200164794922,
      "pitch": 27.275999069213867,
      "yaw": 20.54400062561035
    },
    "coordinate_frame": "base_link"
  },
  "right_11": {
    "arm": "right",
    "name": "11",
    "joint_angles": [
      -16.173999786376953,
      -2.259999990463257,
      4.000999927520752,
      9.881999969482422,
      7.585000038146973,
      4.361000061035156,
      -4.327000141143799
    ],
    "end_effector": {
      "x": 0.0,
      "y": 0.0,
      "z": 0.0,
      "roll": 0.0,
      "pitch": 0.0,
      "yaw": 0.0
    },
    "coordinate_frame": "base_link"
  }
}