{
  "right_1": {
    "arm": "right",
    "name": "1",
    "joint_angles": [
      -9.187999725341797,
      -3.8559999465942383,
      1.4620000123977661,
      6.676000118255615,
      9.586999893188477,
      10.345000267028809,
      -8.118000030517578
    ],
    "end_effector": {
      "x": 627.4830860091647,
      "y": -362.2532940308166,
      "z": 430.57768405756474,
      "roll": -9.116025627861783,
      "pitch": 11.76216176605682,
      "yaw": 7.344073707619093
    },
    "coordinate_frame": "base_link"
  }
}